{
    "f1_score": 0.9914132740680877,
    "precision_score": 0.9887165021156559,
    "recall_score": 0.9941247974068071,
    "accuracy_score": 0.9903889642695612
}