{
    "f1_score": 0.9912352221769262,
    "precision_score": 0.9902260232131949,
    "recall_score": 0.9922464803101407,
    "accuracy_score": 0.9902758932609679
}