{
    "f1_score": 0.9766881028938906,
    "precision_score": 0.9696727853152434,
    "recall_score": 0.9838056680161943,
    "accuracy_score": 0.973767526006332
}