{
    "f1_score": 0.9909891667510378,
    "precision_score": 0.9876892028254288,
    "recall_score": 0.9943112555871597,
    "accuracy_score": 0.9899366802351877
}