{
    "f1_score": 0.9917824896012986,
    "precision_score": 0.9904761904761905,
    "recall_score": 0.9930922389272654,
    "accuracy_score": 0.9908412483039348
}